{"cameraMode":{"drawMode":0,"name":"Shaded","section":"Shading Mode"},"sceneLighting":true,"audioPlay":false,"sceneViewState":{"m_AlwaysRefresh":false,"showFog":true,"showSkybox":true,"showFlares":true,"showImageEffects":true,"showParticleSystems":true,"showVisualEffectGraphs":true,"m_FxEnabled":true},"in2DMode":false,"pivot":{"x":28.065139770507814,"y":66.8614501953125,"z":-14.423382759094239},"rotation":{"x":0.09017921984195709,"y":-0.8169466853141785,"z":0.13301056623458863,"w":0.5538756847381592},"size":42.886653900146487,"orthographic":false}